TIPO,RGE,VARIABLE,H01,H02,H03,H04,H05,H06,H07,H08,H09,H10,H11,H12,H13,H14,H15,H16,H17,H18,H19,H20,H21,H22,H23,H24
"D","BAS","Demanda Neta",1911,1829,1799,1762,1788,1732,1818,1948,2071,2135,2205,2173,2167,2182,2125,2072,2087,2097,2135,2315,2355,2295,2180,2061
"D","BAS","Perdidas",71,65,69,70,71,70,70,72,90,111,149,178,196,192,183,179,176,177,174,183,180,167,148,115
"G","BAS","Ren ley 26190",329,374,436,489,519,522,504,463,382,323,284,263,242,218,198,187,203,236,258,305,378,463,551,628
"G","BAS","Termica",937,777,692,694,693,698,704,862,897,1026,1036,1574,1674,1699,1697,1685,1687,1689,1491,1700,1704,1528,1509,943
"D","CEN","Demanda Neta",1318,1234,1184,1175,1181,1218,1233,1334,1443,1543,1623,1671,1726,1727,1752,1772,1778,1732,1698,1764,1802,1734,1651,1534
"D","CEN","Perdidas",11,10,9,9,9,10,9,11,15,17,21,24,27,29,31,31,32,32,31,26,23,23,23,14
"G","CEN","Nuclear",660,660,660,660,660,660,660,660,660,660,660,660,660,660,660,660,660,660,660,660,660,660,660,660
"G","CEN","Ren Hidro >50MW",7,7,7,7,7,7,7,7,7,7,7,7,7,7,7,7,7,7,7,7,7,7,7,7
"G","CEN","Ren ley 26190",104,115,126,135,144,152,157,205,238,236,225,211,209,197,193,194,216,233,230,202,225,255,277,270
"G","CEN","Termica",304,304,304,304,304,304,304,304,409,409,409,304,304,409,409,418,304,304,409,570,576,454,456,458
"D","COM","Demanda Neta",563,571,517,518,515,490,491,527,559,612,582,590,593,593,623,629,670,697,645,660,701,703,671,620
"D","COM","Perdidas",69,63,67,66,65,66,66,61,76,88,134,175,193,193,185,185,183,184,184,195,193,173,144,90
"G","COM","Ren Hidro >50MW",929,699,249,249,249,249,769,1349,1559,1559,2309,2309,2589,2589,2729,2729,2729,2729,2869,3149,3149,3149,2309,2309
"G","COM","Ren ley 26190",132,125,120,112,104,97,90,85,77,64,56,54,52,51,52,52,59,70,82,89,99,109,118,120
"G","COM","Termica",1510,1514,1513,1516,1517,1520,1523,1522,1515,1483,1472,1454,1445,1433,1423,1414,1424,1422,1420,1430,1443,1458,1479,1490
"G","CTMSG","Importacion",750,926,940,748,890,780,774,482,360,330,344,346,345,447,405,336,254,196,122,47,95,214,362,539
"G","CTMSG","Ren Hidro >50MW",140,140,140,140,140,140,140,0,0,0,0,0,0,0,0,0,0,0,0,0,0,0,0,0
"D","CUY","Demanda Neta",894,845,821,804,800,812,823,891,951,996,1025,1048,1065,1043,1015,1005,1004,1012,993,1046,1081,1054,1026,1007
"D","CUY","Perdidas",22,21,20,20,20,20,27,26,30,32,34,38,40,40,41,42,43,42,37,49,51,50,45,30
"G","CUY","Ren Hidro >50MW",341,341,341,341,341,341,268,393,393,393,393,393,394,394,394,394,399,399,486,717,717,717,687,467
"G","CUY","Ren ley 26190",102,102,101,101,101,101,105,317,566,605,604,607,606,604,603,603,595,585,487,180,103,103,102,102
"G","CUY","Termica",492,492,492,492,492,492,492,492,483,480,478,477,475,474,474,473,482,482,482,483,486,487,488,490
"D","GBA","Demanda Neta",4405,4116,3936,3918,3934,3909,4493,4973,5405,5677,5911,6041,6115,6170,6125,6038,5831,5682,5721,5994,6049,5751,5318,4879
"D","GBA","Perdidas",21,16,15,15,15,16,16,18,21,29,40,50,58,56,56,55,54,58,55,50,50,51,50,41
"G","GBA","Ren ley 26190",9,9,9,9,9,9,9,9,9,9,9,9,9,9,9,9,9,9,9,9,9,9,9,9
"G","GBA","Termica",3122,2590,2590,2590,2590,2590,2590,2590,2922,3515,3562,3502,3537,3535,3532,3534,3543,3553,3485,3692,3694,3538,3537,3298
"D","LIT","Demanda Neta",1593,1521,1515,1522,1546,1614,1616,1694,1813,1850,1934,1949,1951,1931,1950,1946,1898,1835,1803,2008,2011,1928,1810,1698
"D","LIT","Perdidas",8,7,7,6,7,6,6,6,8,8,7,7,7,7,8,7,7,8,8,10,10,9,9,9
"G","LIT","Ren ley 26190",5,5,5,5,5,5,5,5,5,5,5,5,5,5,5,5,5,5,5,5,5,5,5,5
"G","LIT","Termica",958,957,958,960,960,962,964,961,959,958,955,1054,1053,1099,1160,1178,1165,1053,958,1200,1209,1076,1037,962
"D","NEA","Demanda Neta",888,849,823,792,801,837,865,891,943,951,1023,1075,1090,1156,1206,1255,1222,1176,1199,1276,1261,1221,1171,1167
"D","NEA","Perdidas",17,16,14,13,13,13,14,13,15,15,17,18,19,21,23,25,26,23,24,29,30,27,24,26
"G","NEA","Ren Hidro >50MW",600,600,600,600,500,650,900,900,1000,1000,1000,1000,1000,1000,1000,1006,1000,800,1050,1100,1348,1100,850,700
"G","NEA","Ren ley 26190",63,63,63,63,63,63,68,127,164,176,181,183,183,183,181,178,171,149,92,63,63,63,63,63
"G","NEA","Termica",1,1,1,1,1,1,8,8,8,8,1,1,1,11,11,11,11,11,11,11,11,11,1,1
"D","NOA","Demanda Neta",1265,1178,1115,1074,1047,1054,1018,1084,1166,1228,1290,1382,1517,1630,1730,1739,1744,1676,1572,1631,1672,1660,1695,1702
"D","NOA","Perdidas",26,23,20,18,17,17,15,16,37,47,46,48,51,54,58,57,56,49,45,38,42,41,42,41
"G","NOA","Importacion",0,0,0,0,0,0,0,0,0,0,0,0,0,0,0,0,0,56,48,0,0,0,0,0
"G","NOA","Ren Hidro >50MW",0,0,0,0,0,0,0,0,0,0,0,0,0,0,0,0,0,0,0,50,50,50,50,0
"G","NOA","Ren ley 26190",126,115,105,100,94,92,91,390,790,913,905,927,941,951,962,970,961,858,629,227,204,205,204,206
"G","NOA","Termica",717,620,620,620,620,620,620,620,620,620,620,620,620,620,620,620,620,620,714,1124,1129,1135,1138,1131
"D","PAT","Demanda Neta",828,801,784,787,786,771,773,794,812,826,832,825,826,824,825,812,804,835,815,833,870,869,863,830
"D","PAT","Perdidas",43,48,50,49,48,48,48,46,37,34,31,30,28,27,25,24,23,25,26,24,22,22,23,25
"G","PAT","Ren Hidro >50MW",190,190,190,190,190,190,190,190,190,190,190,190,190,190,190,190,190,190,190,190,190,190,190,190
"G","PAT","Ren ley 26190",1392,1460,1478,1465,1443,1429,1418,1408,1221,1178,1146,1118,1080,1031,989,939,883,956,906,842,789,754,764,804
"G","PAT","Termica",0,0,0,0,0,0,0,0,0,0,0,0,0,0,0,14,0,0,0,14,14,0,0,0
